{"data_time": 0.007570240926742554, "time": 0.04430271363258362}