{"data_time": 0.008214915657043458, "time": 0.04606439580917358}